filename,filesize,encoding,header
model_1,10000000,,
model_2,10000000,,
model_3,10000000,,
model_4,10000000,,
model_5,10000000,,
model_6,10000000,,
model_7,10000000,,
model_8,10000000,,
model_9,10000000,,
model_10,10000000,,
model_11,10000000,,
model_12,10000000,,
model_13,10000000,,
model_14,10000000,,
model_15,10000000,,
model_16,10000000,,
model_17,10000000,,
model_18,10000000,,
model_19,10000000,,
model_20,10000000,,
model_21,10000000,,
model_22,10000000,,
model_23,10000000,,
model_24,10000000,,
model_25,10000000,,
model_26,10000000,,
model_27,10000000,,
model_28,10000000,,
model_29,3714096,,
